{"application_name":"","subtitle":"","address":"Mirpur, Dhaka, Bangladesh","details":"","contact_no":"","email":"","website":"","logo":"","favicon":"","base_language":"English","base_language_code":"en","base_currency":"BDT","embed_map":"","facebook_link":"","linkedin_link":"","twitter_link":"","youtube_link":"","instagram_link":"","status":"active","mode":"local","meta_keywords":"framework, laravel, CMS, DCMS","meta_description":"DCMS, A Dynamic Content Management System based on The Laravel Framework."}