-- phpMyAdmin SQL Dump
-- version 5.1.0
-- https://www.phpmyadmin.net/
--
-- Host: localhost
-- Generation Time: Nov 06, 2021 at 10:38 PM
-- Server version: 10.4.18-MariaDB
-- PHP Version: 7.4.18

SET SQL_MODE = "NO_AUTO_VALUE_ON_ZERO";
START TRANSACTION;
SET time_zone = "+00:00";


/*!40101 SET @OLD_CHARACTER_SET_CLIENT=@@CHARACTER_SET_CLIENT */;
/*!40101 SET @OLD_CHARACTER_SET_RESULTS=@@CHARACTER_SET_RESULTS */;
/*!40101 SET @OLD_COLLATION_CONNECTION=@@COLLATION_CONNECTION */;
/*!40101 SET NAMES utf8mb4 */;

--
-- Database: `locations`
--

-- --------------------------------------------------------

--
-- Table structure for table `districts`
--

CREATE TABLE `districts` (
  `id` bigint(20) UNSIGNED NOT NULL,
  `division_id` int(11) NOT NULL,
  `name` varchar(191) COLLATE utf8mb4_unicode_ci DEFAULT NULL,
  `slug` varchar(191) COLLATE utf8mb4_unicode_ci DEFAULT NULL,
  `created_at` timestamp NULL DEFAULT NULL,
  `updated_at` timestamp NULL DEFAULT NULL
) ENGINE=InnoDB DEFAULT CHARSET=utf8mb4 COLLATE=utf8mb4_unicode_ci;

--
-- Dumping data for table `districts`
--

INSERT INTO `districts` (`id`, `division_id`, `name`, `slug`, `created_at`, `updated_at`) VALUES
(1, 1, 'Dhaka', NULL, '2021-07-30 13:40:46', '2021-07-30 13:40:46'),
(2, 1, 'Faridpur', NULL, '2021-07-30 13:40:46', '2021-07-30 13:40:46'),
(3, 1, 'Tangail', NULL, '2021-07-30 13:40:46', '2021-07-30 13:40:46'),
(4, 1, 'Gazipur', NULL, '2021-07-30 13:40:46', '2021-07-30 13:40:46'),
(5, 1, 'Gopalganj', NULL, '2021-07-30 13:40:46', '2021-07-30 13:40:46'),
(6, 1, 'Kishoreganj', NULL, '2021-07-30 13:40:46', '2021-07-30 13:40:46'),
(7, 1, 'Madaripur', NULL, '2021-07-30 13:40:46', '2021-07-30 13:40:46'),
(8, 1, 'Manikgonj', NULL, '2021-07-30 13:40:46', '2021-07-30 13:40:46'),
(9, 1, 'Munshiganj', NULL, '2021-07-30 13:40:46', '2021-07-30 13:40:46'),
(10, 1, 'Narayanganj', NULL, '2021-07-30 13:40:46', '2021-07-30 13:40:46'),
(11, 1, 'Narsingdi', NULL, '2021-07-30 13:40:46', '2021-07-30 13:40:46'),
(12, 1, 'Rajbari', NULL, '2021-07-30 13:40:46', '2021-07-30 13:40:46'),
(13, 1, 'Shariatpur', NULL, '2021-07-30 13:40:46', '2021-07-30 13:40:46'),
(14, 2, 'Chattogram', NULL, '2021-07-30 13:40:46', '2021-07-30 13:40:46'),
(15, 2, 'Cumilla', NULL, '2021-07-30 13:40:46', '2021-07-30 13:40:46'),
(16, 2, 'Noakhali', NULL, '2021-07-30 13:40:46', '2021-07-30 13:40:46'),
(17, 2, 'Bandarban', NULL, '2021-07-30 13:40:46', '2021-07-30 13:40:46'),
(18, 2, 'Khagrachhari', NULL, '2021-07-30 13:40:46', '2021-07-30 13:40:46'),
(19, 2, 'Rangamati', NULL, '2021-07-30 13:40:46', '2021-07-30 13:40:46'),
(20, 2, 'Brahmanbaria', NULL, '2021-07-30 13:40:46', '2021-07-30 13:40:46'),
(21, 2, 'Chandpur', NULL, '2021-07-30 13:40:46', '2021-07-30 13:40:46'),
(22, 2, 'Cox\"s Bazar', NULL, '2021-07-30 13:40:46', '2021-07-30 13:40:46'),
(23, 2, 'Feni', NULL, '2021-07-30 13:40:46', '2021-07-30 13:40:46'),
(24, 2, 'Lakshmipur', NULL, '2021-07-30 13:40:46', '2021-07-30 13:40:46'),
(25, 3, 'Rajshahi', NULL, '2021-07-30 13:40:46', '2021-07-30 13:40:46'),
(26, 3, 'Bogura', NULL, '2021-07-30 13:40:46', '2021-07-30 13:40:46'),
(27, 3, 'Pabna', NULL, '2021-07-30 13:40:46', '2021-07-30 13:40:46'),
(28, 3, 'Joypurhat', NULL, '2021-07-30 13:40:46', '2021-07-30 13:40:46'),
(29, 3, 'Naogaon', NULL, '2021-07-30 13:40:46', '2021-07-30 13:40:46'),
(30, 3, 'Natore', NULL, '2021-07-30 13:40:46', '2021-07-30 13:40:46'),
(31, 3, 'Chapainawabganj', NULL, '2021-07-30 13:40:46', '2021-07-30 13:40:46'),
(32, 3, 'Sirajganj', NULL, '2021-07-30 13:40:46', '2021-07-30 13:40:46'),
(33, 4, 'Jashore', NULL, '2021-07-30 13:40:46', '2021-07-30 13:40:46'),
(34, 4, 'Khulna', NULL, '2021-07-30 13:40:46', '2021-07-30 13:40:46'),
(35, 4, 'Kushtia', NULL, '2021-07-30 13:40:46', '2021-07-30 13:40:46'),
(36, 4, 'Bagerhat', NULL, '2021-07-30 13:40:46', '2021-07-30 13:40:46'),
(37, 4, 'Chuadanga', NULL, '2021-07-30 13:40:46', '2021-07-30 13:40:46'),
(38, 4, 'Jhenaidah', NULL, '2021-07-30 13:40:46', '2021-07-30 13:40:46'),
(39, 4, 'Magura', NULL, '2021-07-30 13:40:46', '2021-07-30 13:40:46'),
(40, 4, 'Meherpur', NULL, '2021-07-30 13:40:46', '2021-07-30 13:40:46'),
(41, 4, 'Narail', NULL, '2021-07-30 13:40:46', '2021-07-30 13:40:46'),
(42, 4, 'Satkhira', NULL, '2021-07-30 13:40:46', '2021-07-30 13:40:46'),
(43, 5, 'Barishal', NULL, '2021-07-30 13:40:46', '2021-07-30 13:40:46'),
(44, 5, 'Patuakhali', NULL, '2021-07-30 13:40:46', '2021-07-30 13:40:46'),
(45, 5, 'Barguna', NULL, '2021-07-30 13:40:46', '2021-07-30 13:40:46'),
(46, 5, 'Bhola', NULL, '2021-07-30 13:40:46', '2021-07-30 13:40:46'),
(47, 5, 'Jhalokati', NULL, '2021-07-30 13:40:46', '2021-07-30 13:40:46'),
(48, 5, 'Pirojpur', NULL, '2021-07-30 13:40:46', '2021-07-30 13:40:46'),
(49, 6, 'Sylhet', NULL, '2021-07-30 13:40:46', '2021-07-30 13:40:46'),
(50, 6, 'Habiganj', NULL, '2021-07-30 13:40:46', '2021-07-30 13:40:46'),
(51, 6, 'Sunamganj', NULL, '2021-07-30 13:40:46', '2021-07-30 13:40:46'),
(52, 6, 'Moulvibazar', NULL, '2021-07-30 13:40:46', '2021-07-30 13:40:46'),
(53, 7, 'Dinajpur', NULL, '2021-07-30 13:40:46', '2021-07-30 13:40:46'),
(54, 7, 'Gaibandha', NULL, '2021-07-30 13:40:46', '2021-07-30 13:40:46'),
(55, 7, 'Kurigram', NULL, '2021-07-30 13:40:46', '2021-07-30 13:40:46'),
(56, 7, 'Lalmonirhat', NULL, '2021-07-30 13:40:46', '2021-07-30 13:40:46'),
(57, 7, 'Nilphamari', NULL, '2021-07-30 13:40:46', '2021-07-30 13:40:46'),
(58, 7, 'Panchagarh', NULL, '2021-07-30 13:40:46', '2021-07-30 13:40:46'),
(59, 7, 'Rangpur', NULL, '2021-07-30 13:40:46', '2021-07-30 13:40:46'),
(60, 7, 'Thakurgaon', NULL, '2021-07-30 13:40:46', '2021-07-30 13:40:46'),
(61, 8, 'Mymensingh', NULL, '2021-07-30 13:40:46', '2021-07-30 13:40:46'),
(62, 8, 'Jamalpur', NULL, '2021-07-30 13:40:46', '2021-07-30 13:40:46'),
(63, 8, 'Netrokona', NULL, '2021-07-30 13:40:46', '2021-07-30 13:40:46'),
(64, 8, 'Sherpur', NULL, '2021-07-30 13:40:46', '2021-07-30 13:40:46');

-- --------------------------------------------------------

--
-- Table structure for table `divisions`
--

CREATE TABLE `divisions` (
  `id` bigint(20) UNSIGNED NOT NULL,
  `name` varchar(191) COLLATE utf8mb4_unicode_ci DEFAULT NULL,
  `slug` varchar(191) COLLATE utf8mb4_unicode_ci DEFAULT NULL,
  `created_at` timestamp NULL DEFAULT NULL,
  `updated_at` timestamp NULL DEFAULT NULL
) ENGINE=InnoDB DEFAULT CHARSET=utf8mb4 COLLATE=utf8mb4_unicode_ci;

--
-- Dumping data for table `divisions`
--

INSERT INTO `divisions` (`id`, `name`, `slug`, `created_at`, `updated_at`) VALUES
(1, 'Dhaka', NULL, '2021-07-30 13:40:46', '2021-07-30 13:40:46'),
(2, 'Chattogram', NULL, '2021-07-30 13:40:46', '2021-07-30 13:40:46'),
(3, 'Rajshahi', NULL, '2021-07-30 13:40:46', '2021-07-30 13:40:46'),
(4, 'Khulna', NULL, '2021-07-30 13:40:46', '2021-07-30 13:40:46'),
(5, 'Barishal', NULL, '2021-07-30 13:40:46', '2021-07-30 13:40:46'),
(6, 'Sylhet', NULL, '2021-07-30 13:40:46', '2021-07-30 13:40:46'),
(7, 'Rangpur', NULL, '2021-07-30 13:40:46', '2021-07-30 13:40:46'),
(8, 'Mymensingh', NULL, '2021-07-30 13:40:46', '2021-07-30 13:40:46');

-- --------------------------------------------------------

--
-- Table structure for table `thanas`
--

CREATE TABLE `thanas` (
  `id` bigint(20) UNSIGNED NOT NULL,
  `district_id` int(11) NOT NULL,
  `name` varchar(191) COLLATE utf8mb4_unicode_ci DEFAULT NULL,
  `slug` varchar(191) COLLATE utf8mb4_unicode_ci DEFAULT NULL,
  `created_at` timestamp NULL DEFAULT NULL,
  `updated_at` timestamp NULL DEFAULT NULL
) ENGINE=InnoDB DEFAULT CHARSET=utf8mb4 COLLATE=utf8mb4_unicode_ci;

--
-- Dumping data for table `thanas`
--

INSERT INTO `thanas` (`id`, `district_id`, `name`, `slug`, `created_at`, `updated_at`) VALUES
(1, 1, 'Adabor', NULL, '2021-07-30 13:40:46', '2021-07-30 13:40:46'),
(2, 1, 'Airport', NULL, '2021-07-30 13:40:46', '2021-07-30 13:40:46'),
(3, 1, 'Badda', NULL, '2021-07-30 13:40:46', '2021-07-30 13:40:46'),
(4, 1, 'Banani', NULL, '2021-07-30 13:40:46', '2021-07-30 13:40:46'),
(5, 1, 'Bangshal', NULL, '2021-07-30 13:40:46', '2021-07-30 13:40:46'),
(6, 1, 'Bhashantek', NULL, '2021-07-30 13:40:46', '2021-07-30 13:40:46'),
(7, 1, 'Cantonment', NULL, '2021-07-30 13:40:46', '2021-07-30 13:40:46'),
(8, 1, 'Chackbazar', NULL, '2021-07-30 13:40:46', '2021-07-30 13:40:46'),
(9, 1, 'Darussalam', NULL, '2021-07-30 13:40:46', '2021-07-30 13:40:46'),
(10, 1, 'Daskhinkhan', NULL, '2021-07-30 13:40:46', '2021-07-30 13:40:46'),
(11, 1, 'Demra', NULL, '2021-07-30 13:40:46', '2021-07-30 13:40:46'),
(12, 1, 'Dhamrai', NULL, '2021-07-30 13:40:46', '2021-07-30 13:40:46'),
(13, 1, 'Dhanmondi', NULL, '2021-07-30 13:40:46', '2021-07-30 13:40:46'),
(14, 1, 'Dohar', NULL, '2021-07-30 13:40:46', '2021-07-30 13:40:46'),
(15, 1, 'Gandaria', NULL, '2021-07-30 13:40:46', '2021-07-30 13:40:46'),
(16, 1, 'Gulshan', NULL, '2021-07-30 13:40:46', '2021-07-30 13:40:46'),
(17, 1, 'Hazaribag', NULL, '2021-07-30 13:40:46', '2021-07-30 13:40:46'),
(18, 1, 'Jatrabari', NULL, '2021-07-30 13:40:46', '2021-07-30 13:40:46'),
(19, 1, 'Kafrul', NULL, '2021-07-30 13:40:46', '2021-07-30 13:40:46'),
(20, 1, 'Kalabagan', NULL, '2021-07-30 13:40:46', '2021-07-30 13:40:46'),
(21, 1, 'Kamrangir char', NULL, '2021-07-30 13:40:46', '2021-07-30 13:40:46'),
(22, 1, 'Keraniganj', NULL, '2021-07-30 13:40:46', '2021-07-30 13:40:46'),
(23, 1, 'Khilgaon', NULL, '2021-07-30 13:40:46', '2021-07-30 13:40:46'),
(24, 1, 'Khilkhet', NULL, '2021-07-30 13:40:46', '2021-07-30 13:40:46'),
(25, 1, 'Kotwali', NULL, '2021-07-30 13:40:46', '2021-07-30 13:40:46'),
(26, 1, 'Lalbag', NULL, '2021-07-30 13:40:46', '2021-07-30 13:40:46'),
(27, 1, 'Mirpur Model', NULL, '2021-07-30 13:40:46', '2021-07-30 13:40:46'),
(28, 1, 'Mohammadpur', NULL, '2021-07-30 13:40:46', '2021-07-30 13:40:46'),
(29, 1, 'Motijheel', NULL, '2021-07-30 13:40:46', '2021-07-30 13:40:46'),
(30, 1, 'Mugda', NULL, '2021-07-30 13:40:46', '2021-07-30 13:40:46'),
(31, 1, 'Nawabganj', NULL, '2021-07-30 13:40:46', '2021-07-30 13:40:46'),
(32, 1, 'New Market', NULL, '2021-07-30 13:40:46', '2021-07-30 13:40:46'),
(33, 1, 'Pallabi', NULL, '2021-07-30 13:40:46', '2021-07-30 13:40:46'),
(34, 1, 'Paltan', NULL, '2021-07-30 13:40:46', '2021-07-30 13:40:46'),
(35, 1, 'Ramna', NULL, '2021-07-30 13:40:46', '2021-07-30 13:40:46'),
(36, 1, 'Rampura', NULL, '2021-07-30 13:40:46', '2021-07-30 13:40:46'),
(37, 1, 'Rupnagar', NULL, '2021-07-30 13:40:46', '2021-07-30 13:40:46'),
(38, 1, 'Sabujbag', NULL, '2021-07-30 13:40:46', '2021-07-30 13:40:46'),
(39, 1, 'Savar', NULL, '2021-07-30 13:40:46', '2021-07-30 13:40:46'),
(40, 1, 'Shah Ali', NULL, '2021-07-30 13:40:46', '2021-07-30 13:40:46'),
(41, 1, 'Shahbag', NULL, '2021-07-30 13:40:46', '2021-07-30 13:40:46'),
(42, 1, 'Shahjahanpur', NULL, '2021-07-30 13:40:46', '2021-07-30 13:40:46'),
(43, 1, 'Shere bangla nagar', NULL, '2021-07-30 13:40:46', '2021-07-30 13:40:46'),
(44, 1, 'Shyampur', NULL, '2021-07-30 13:40:46', '2021-07-30 13:40:46'),
(45, 1, 'Sutrapur', NULL, '2021-07-30 13:40:46', '2021-07-30 13:40:46'),
(46, 1, 'Tejgaon', NULL, '2021-07-30 13:40:46', '2021-07-30 13:40:46'),
(47, 1, 'Tejgaon I/A', NULL, '2021-07-30 13:40:46', '2021-07-30 13:40:46'),
(48, 1, 'Turag', NULL, '2021-07-30 13:40:46', '2021-07-30 13:40:46'),
(49, 1, 'Uttara', NULL, '2021-07-30 13:40:46', '2021-07-30 13:40:46'),
(50, 1, 'Uttara West', NULL, '2021-07-30 13:40:46', '2021-07-30 13:40:46'),
(51, 1, 'Uttarkhan', NULL, '2021-07-30 13:40:46', '2021-07-30 13:40:46'),
(52, 1, 'Vatara', NULL, '2021-07-30 13:40:46', '2021-07-30 13:40:46'),
(53, 1, 'Wari', NULL, '2021-07-30 13:40:46', '2021-07-30 13:40:46'),
(54, 2, 'Faridpur Sadar', NULL, '2021-07-30 13:40:46', '2021-07-30 13:40:46'),
(55, 2, 'Boalmari', NULL, '2021-07-30 13:40:46', '2021-07-30 13:40:46'),
(56, 2, 'Alfadanga', NULL, '2021-07-30 13:40:46', '2021-07-30 13:40:46'),
(57, 2, 'Madhukhali', NULL, '2021-07-30 13:40:46', '2021-07-30 13:40:46'),
(58, 2, 'Bhanga', NULL, '2021-07-30 13:40:46', '2021-07-30 13:40:46'),
(59, 2, 'Nagarkanda', NULL, '2021-07-30 13:40:46', '2021-07-30 13:40:46'),
(60, 2, 'Charbhadrasan', NULL, '2021-07-30 13:40:46', '2021-07-30 13:40:46'),
(61, 2, 'Sadarpur', NULL, '2021-07-30 13:40:46', '2021-07-30 13:40:46'),
(62, 2, 'Shaltha', NULL, '2021-07-30 13:40:46', '2021-07-30 13:40:46'),
(63, 3, 'Tangail Sadar', NULL, '2021-07-30 13:40:46', '2021-07-30 13:40:46'),
(64, 3, 'Sakhipur', NULL, '2021-07-30 13:40:46', '2021-07-30 13:40:46'),
(65, 3, 'Basail', NULL, '2021-07-30 13:40:46', '2021-07-30 13:40:46'),
(66, 3, 'Madhupur', NULL, '2021-07-30 13:40:46', '2021-07-30 13:40:46'),
(67, 3, 'Ghatail', NULL, '2021-07-30 13:40:46', '2021-07-30 13:40:46'),
(68, 3, 'Kalihati', NULL, '2021-07-30 13:40:46', '2021-07-30 13:40:46'),
(69, 3, 'Nagarpur', NULL, '2021-07-30 13:40:46', '2021-07-30 13:40:46'),
(70, 3, 'Mirzapur', NULL, '2021-07-30 13:40:46', '2021-07-30 13:40:46'),
(71, 3, 'Gopalpur', NULL, '2021-07-30 13:40:46', '2021-07-30 13:40:46'),
(72, 3, 'Delduar', NULL, '2021-07-30 13:40:46', '2021-07-30 13:40:46'),
(73, 3, 'Bhuapur', NULL, '2021-07-30 13:40:46', '2021-07-30 13:40:46'),
(74, 3, 'Dhanbari', NULL, '2021-07-30 13:40:46', '2021-07-30 13:40:46'),
(75, 4, 'Gazipur Sadar-Joydebpur', NULL, '2021-07-30 13:40:46', '2021-07-30 13:40:46'),
(76, 4, 'Kaliakior', NULL, '2021-07-30 13:40:46', '2021-07-30 13:40:46'),
(77, 4, 'Kapasia', NULL, '2021-07-30 13:40:46', '2021-07-30 13:40:46'),
(78, 4, 'Sripur', NULL, '2021-07-30 13:40:46', '2021-07-30 13:40:46'),
(79, 4, 'Kaliganj', NULL, '2021-07-30 13:40:46', '2021-07-30 13:40:46'),
(80, 4, 'Tongi', NULL, '2021-07-30 13:40:46', '2021-07-30 13:40:46'),
(81, 5, 'Gopalganj Sadar', NULL, '2021-07-30 13:40:46', '2021-07-30 13:40:46'),
(82, 5, 'Kashiani', NULL, '2021-07-30 13:40:46', '2021-07-30 13:40:46'),
(83, 5, 'Kotalipara', NULL, '2021-07-30 13:40:46', '2021-07-30 13:40:46'),
(84, 5, 'Muksudpur', NULL, '2021-07-30 13:40:46', '2021-07-30 13:40:46'),
(85, 5, 'Tungipara', NULL, '2021-07-30 13:40:46', '2021-07-30 13:40:46'),
(86, 6, 'Astagram', NULL, '2021-07-30 13:40:46', '2021-07-30 13:40:46'),
(87, 6, 'Bajitpur', NULL, '2021-07-30 13:40:46', '2021-07-30 13:40:46'),
(88, 6, 'Bhairab', NULL, '2021-07-30 13:40:46', '2021-07-30 13:40:46'),
(89, 6, 'Hossainpur', NULL, '2021-07-30 13:40:46', '2021-07-30 13:40:46'),
(90, 6, 'Itna', NULL, '2021-07-30 13:40:46', '2021-07-30 13:40:46'),
(91, 6, 'Karimganj', NULL, '2021-07-30 13:40:46', '2021-07-30 13:40:46'),
(92, 6, 'Katiadi', NULL, '2021-07-30 13:40:46', '2021-07-30 13:40:46'),
(93, 6, 'Kishoreganj Sadar', NULL, '2021-07-30 13:40:46', '2021-07-30 13:40:46'),
(94, 6, 'Kuliarchar', NULL, '2021-07-30 13:40:46', '2021-07-30 13:40:46'),
(95, 6, 'Mithamain', NULL, '2021-07-30 13:40:46', '2021-07-30 13:40:46'),
(96, 6, 'Nikli', NULL, '2021-07-30 13:40:46', '2021-07-30 13:40:46'),
(97, 6, 'Pakundia', NULL, '2021-07-30 13:40:46', '2021-07-30 13:40:46'),
(98, 6, 'Tarail', NULL, '2021-07-30 13:40:46', '2021-07-30 13:40:46'),
(99, 7, 'Madaripur Sadar', NULL, '2021-07-30 13:40:46', '2021-07-30 13:40:46'),
(100, 7, 'Kalkini', NULL, '2021-07-30 13:40:46', '2021-07-30 13:40:46'),
(101, 7, 'Rajoir', NULL, '2021-07-30 13:40:46', '2021-07-30 13:40:46'),
(102, 7, 'Shibchar', NULL, '2021-07-30 13:40:46', '2021-07-30 13:40:46'),
(103, 8, 'Manikganj Sadar', NULL, '2021-07-30 13:40:46', '2021-07-30 13:40:46'),
(104, 8, 'Singair', NULL, '2021-07-30 13:40:46', '2021-07-30 13:40:46'),
(105, 8, 'Shibalaya', NULL, '2021-07-30 13:40:46', '2021-07-30 13:40:46'),
(106, 8, 'Saturia', NULL, '2021-07-30 13:40:46', '2021-07-30 13:40:46'),
(107, 8, 'Harirampur', NULL, '2021-07-30 13:40:46', '2021-07-30 13:40:46'),
(108, 8, 'Ghior', NULL, '2021-07-30 13:40:46', '2021-07-30 13:40:46'),
(109, 8, 'Daulatpur', NULL, '2021-07-30 13:40:46', '2021-07-30 13:40:46'),
(110, 9, 'Lohajang', NULL, '2021-07-30 13:40:46', '2021-07-30 13:40:46'),
(111, 9, 'Sreenagar', NULL, '2021-07-30 13:40:46', '2021-07-30 13:40:46'),
(112, 9, 'Munshiganj Sadar', NULL, '2021-07-30 13:40:46', '2021-07-30 13:40:46'),
(113, 9, 'Sirajdikhan', NULL, '2021-07-30 13:40:46', '2021-07-30 13:40:46'),
(114, 9, 'Tongibari', NULL, '2021-07-30 13:40:46', '2021-07-30 13:40:46'),
(115, 9, 'Gazaria', NULL, '2021-07-30 13:40:46', '2021-07-30 13:40:46'),
(116, 10, 'Araihazar', NULL, '2021-07-30 13:40:46', '2021-07-30 13:40:46'),
(117, 10, 'Sonargaon', NULL, '2021-07-30 13:40:46', '2021-07-30 13:40:46'),
(118, 10, 'Bandar', NULL, '2021-07-30 13:40:46', '2021-07-30 13:40:46'),
(119, 10, 'Naryanganj Sadar', NULL, '2021-07-30 13:40:46', '2021-07-30 13:40:46'),
(120, 10, 'Rupganj', NULL, '2021-07-30 13:40:46', '2021-07-30 13:40:46'),
(121, 10, 'Siddirgonj', NULL, '2021-07-30 13:40:46', '2021-07-30 13:40:46'),
(122, 11, 'Belabo', NULL, '2021-07-30 13:40:46', '2021-07-30 13:40:46'),
(123, 11, 'Monohardi', NULL, '2021-07-30 13:40:46', '2021-07-30 13:40:46'),
(124, 11, 'Narsingdi Sadar', NULL, '2021-07-30 13:40:46', '2021-07-30 13:40:46'),
(125, 11, 'Palash', NULL, '2021-07-30 13:40:46', '2021-07-30 13:40:46'),
(126, 11, 'Raipura', NULL, '2021-07-30 13:40:46', '2021-07-30 13:40:46'),
(127, 11, 'Narsingdi', NULL, '2021-07-30 13:40:46', '2021-07-30 13:40:46'),
(128, 11, 'Shibpur', NULL, '2021-07-30 13:40:46', '2021-07-30 13:40:46'),
(129, 12, 'Baliakandi', NULL, '2021-07-30 13:40:46', '2021-07-30 13:40:46'),
(130, 12, 'Goalandaghat', NULL, '2021-07-30 13:40:46', '2021-07-30 13:40:46'),
(131, 12, 'Pangsha', NULL, '2021-07-30 13:40:46', '2021-07-30 13:40:46'),
(132, 12, 'Kalukhali', NULL, '2021-07-30 13:40:46', '2021-07-30 13:40:46'),
(133, 12, 'Rajbari Sadar', NULL, '2021-07-30 13:40:46', '2021-07-30 13:40:46'),
(134, 13, 'Shariatpur Sadar -Palong', NULL, '2021-07-30 13:40:46', '2021-07-30 13:40:46'),
(135, 13, 'Damudya', NULL, '2021-07-30 13:40:46', '2021-07-30 13:40:46'),
(136, 13, 'Naria', NULL, '2021-07-30 13:40:46', '2021-07-30 13:40:46'),
(137, 13, 'Jajira', NULL, '2021-07-30 13:40:46', '2021-07-30 13:40:46'),
(138, 13, 'Bhedarganj', NULL, '2021-07-30 13:40:46', '2021-07-30 13:40:46'),
(139, 13, 'Gosairhat', NULL, '2021-07-30 13:40:46', '2021-07-30 13:40:46'),
(140, 14, 'Anwara', NULL, '2021-07-30 13:40:46', '2021-07-30 13:40:46'),
(141, 14, 'Banshkhali', NULL, '2021-07-30 13:40:46', '2021-07-30 13:40:46'),
(142, 14, 'Boalkhali', NULL, '2021-07-30 13:40:46', '2021-07-30 13:40:46'),
(143, 14, 'Chandanaish', NULL, '2021-07-30 13:40:46', '2021-07-30 13:40:46'),
(144, 14, 'Fatikchhari', NULL, '2021-07-30 13:40:46', '2021-07-30 13:40:46'),
(145, 14, 'Hathazari', NULL, '2021-07-30 13:40:46', '2021-07-30 13:40:46'),
(146, 14, 'Lohagara', NULL, '2021-07-30 13:40:46', '2021-07-30 13:40:46'),
(147, 14, 'Mirsharai', NULL, '2021-07-30 13:40:46', '2021-07-30 13:40:46'),
(148, 14, 'Patiya', NULL, '2021-07-30 13:40:46', '2021-07-30 13:40:46'),
(149, 14, 'Rangunia', NULL, '2021-07-30 13:40:46', '2021-07-30 13:40:46'),
(150, 14, 'Raozan', NULL, '2021-07-30 13:40:46', '2021-07-30 13:40:46'),
(151, 14, 'Sandwip', NULL, '2021-07-30 13:40:46', '2021-07-30 13:40:46'),
(152, 14, 'Satkania', NULL, '2021-07-30 13:40:46', '2021-07-30 13:40:46'),
(153, 14, 'Sitakunda', NULL, '2021-07-30 13:40:46', '2021-07-30 13:40:46'),
(154, 14, 'Akborsha', NULL, '2021-07-30 13:40:46', '2021-07-30 13:40:46'),
(155, 14, 'Baijid bostami', NULL, '2021-07-30 13:40:46', '2021-07-30 13:40:46'),
(156, 14, 'Bakolia', NULL, '2021-07-30 13:40:46', '2021-07-30 13:40:46'),
(157, 14, 'Bandar', NULL, '2021-07-30 13:40:46', '2021-07-30 13:40:46'),
(158, 14, 'Chandgaon', NULL, '2021-07-30 13:40:46', '2021-07-30 13:40:46'),
(159, 14, 'Chokbazar', NULL, '2021-07-30 13:40:46', '2021-07-30 13:40:46'),
(160, 14, 'Doublemooring', NULL, '2021-07-30 13:40:46', '2021-07-30 13:40:46'),
(161, 14, 'EPZ', NULL, '2021-07-30 13:40:46', '2021-07-30 13:40:46'),
(162, 14, 'Hali Shohor', NULL, '2021-07-30 13:40:46', '2021-07-30 13:40:46'),
(163, 14, 'Kornafuli', NULL, '2021-07-30 13:40:46', '2021-07-30 13:40:46'),
(164, 14, 'Kotwali', NULL, '2021-07-30 13:40:46', '2021-07-30 13:40:46'),
(165, 14, 'Kulshi', NULL, '2021-07-30 13:40:46', '2021-07-30 13:40:46'),
(166, 14, 'Pahartali', NULL, '2021-07-30 13:40:46', '2021-07-30 13:40:46'),
(167, 14, 'Panchlaish', NULL, '2021-07-30 13:40:46', '2021-07-30 13:40:46'),
(168, 14, 'Potenga', NULL, '2021-07-30 13:40:46', '2021-07-30 13:40:46'),
(169, 14, 'Shodhorgat', NULL, '2021-07-30 13:40:46', '2021-07-30 13:40:46'),
(170, 15, 'Barura', NULL, '2021-07-30 13:40:46', '2021-07-30 13:40:46'),
(171, 15, 'Brahmanpara', NULL, '2021-07-30 13:40:46', '2021-07-30 13:40:46'),
(172, 15, 'Burichong', NULL, '2021-07-30 13:40:46', '2021-07-30 13:40:46'),
(173, 15, 'Chandina', NULL, '2021-07-30 13:40:46', '2021-07-30 13:40:46'),
(174, 15, 'Chauddagram', NULL, '2021-07-30 13:40:46', '2021-07-30 13:40:46'),
(175, 15, 'Daudkandi', NULL, '2021-07-30 13:40:46', '2021-07-30 13:40:46'),
(176, 15, 'Debidwar', NULL, '2021-07-30 13:40:46', '2021-07-30 13:40:46'),
(177, 15, 'Homna', NULL, '2021-07-30 13:40:46', '2021-07-30 13:40:46'),
(178, 15, 'Comilla Sadar', NULL, '2021-07-30 13:40:46', '2021-07-30 13:40:46'),
(179, 15, 'Laksam', NULL, '2021-07-30 13:40:46', '2021-07-30 13:40:46'),
(180, 15, 'Monohorgonj', NULL, '2021-07-30 13:40:46', '2021-07-30 13:40:46'),
(181, 15, 'Meghna', NULL, '2021-07-30 13:40:46', '2021-07-30 13:40:46'),
(182, 15, 'Muradnagar', NULL, '2021-07-30 13:40:46', '2021-07-30 13:40:46'),
(183, 15, 'Nangalkot', NULL, '2021-07-30 13:40:46', '2021-07-30 13:40:46'),
(184, 15, 'Comilla Sadar South', NULL, '2021-07-30 13:40:46', '2021-07-30 13:40:46'),
(185, 15, 'Titas', NULL, '2021-07-30 13:40:46', '2021-07-30 13:40:46'),
(186, 16, 'Noakhali Sadar', NULL, '2021-07-30 13:40:46', '2021-07-30 13:40:46'),
(187, 16, 'Begumganj', NULL, '2021-07-30 13:40:46', '2021-07-30 13:40:46'),
(188, 16, 'Chatkhil', NULL, '2021-07-30 13:40:46', '2021-07-30 13:40:46'),
(189, 16, 'Companyganj', NULL, '2021-07-30 13:40:46', '2021-07-30 13:40:46'),
(190, 16, 'Shenbag', NULL, '2021-07-30 13:40:46', '2021-07-30 13:40:46'),
(191, 16, 'Hatia', NULL, '2021-07-30 13:40:46', '2021-07-30 13:40:46'),
(192, 16, 'Kobirhat', NULL, '2021-07-30 13:40:46', '2021-07-30 13:40:46'),
(193, 16, 'Sonaimuri', NULL, '2021-07-30 13:40:46', '2021-07-30 13:40:46'),
(194, 16, 'Suborno Char', NULL, '2021-07-30 13:40:46', '2021-07-30 13:40:46'),
(195, 17, 'Bandarban Sadar', NULL, '2021-07-30 13:40:46', '2021-07-30 13:40:46'),
(196, 17, 'Thanchi', NULL, '2021-07-30 13:40:46', '2021-07-30 13:40:46'),
(197, 17, 'Lama', NULL, '2021-07-30 13:40:46', '2021-07-30 13:40:46'),
(198, 17, 'Naikhongchhari', NULL, '2021-07-30 13:40:46', '2021-07-30 13:40:46'),
(199, 17, 'Ali kadam', NULL, '2021-07-30 13:40:46', '2021-07-30 13:40:46'),
(200, 17, 'Rowangchhari', NULL, '2021-07-30 13:40:46', '2021-07-30 13:40:46'),
(201, 17, 'Ruma', NULL, '2021-07-30 13:40:46', '2021-07-30 13:40:46'),
(202, 18, 'Dighinala', NULL, '2021-07-30 13:40:46', '2021-07-30 13:40:46'),
(203, 18, 'Khagrachhari', NULL, '2021-07-30 13:40:46', '2021-07-30 13:40:46'),
(204, 18, 'Lakshmichhari', NULL, '2021-07-30 13:40:46', '2021-07-30 13:40:46'),
(205, 18, 'Mahalchhari', NULL, '2021-07-30 13:40:46', '2021-07-30 13:40:46'),
(206, 18, 'Manikchhari', NULL, '2021-07-30 13:40:46', '2021-07-30 13:40:46'),
(207, 18, 'Matiranga', NULL, '2021-07-30 13:40:46', '2021-07-30 13:40:46'),
(208, 18, 'Panchhari', NULL, '2021-07-30 13:40:46', '2021-07-30 13:40:46'),
(209, 18, 'Ramgarh', NULL, '2021-07-30 13:40:46', '2021-07-30 13:40:46'),
(210, 19, 'Rangamati Sadar', NULL, '2021-07-30 13:40:46', '2021-07-30 13:40:46'),
(211, 19, 'Belaichhari', NULL, '2021-07-30 13:40:46', '2021-07-30 13:40:46'),
(212, 19, 'Bagaichhari', NULL, '2021-07-30 13:40:46', '2021-07-30 13:40:46'),
(213, 19, 'Barkal', NULL, '2021-07-30 13:40:46', '2021-07-30 13:40:46'),
(214, 19, 'Juraichhari', NULL, '2021-07-30 13:40:46', '2021-07-30 13:40:46'),
(215, 19, 'Rajasthali', NULL, '2021-07-30 13:40:46', '2021-07-30 13:40:46'),
(216, 19, 'Kaptai', NULL, '2021-07-30 13:40:46', '2021-07-30 13:40:46'),
(217, 19, 'Langadu', NULL, '2021-07-30 13:40:46', '2021-07-30 13:40:46'),
(218, 19, 'Nannerchar', NULL, '2021-07-30 13:40:46', '2021-07-30 13:40:46'),
(219, 19, 'Kaukhali', NULL, '2021-07-30 13:40:46', '2021-07-30 13:40:46'),
(220, 20, 'Brahmanbaria Sadar', NULL, '2021-07-30 13:40:46', '2021-07-30 13:40:46'),
(221, 20, 'Ashuganj', NULL, '2021-07-30 13:40:46', '2021-07-30 13:40:46'),
(222, 20, 'Nasirnagar', NULL, '2021-07-30 13:40:46', '2021-07-30 13:40:46'),
(223, 20, 'Nabinagar', NULL, '2021-07-30 13:40:46', '2021-07-30 13:40:46'),
(224, 20, 'Sarail', NULL, '2021-07-30 13:40:46', '2021-07-30 13:40:46'),
(225, 20, 'Shahbazpur Town', NULL, '2021-07-30 13:40:46', '2021-07-30 13:40:46'),
(226, 20, 'Kasba', NULL, '2021-07-30 13:40:46', '2021-07-30 13:40:46'),
(227, 20, 'Akhaura', NULL, '2021-07-30 13:40:46', '2021-07-30 13:40:46'),
(228, 20, 'Bancharampur', NULL, '2021-07-30 13:40:46', '2021-07-30 13:40:46'),
(229, 20, 'Bijoynagar', NULL, '2021-07-30 13:40:46', '2021-07-30 13:40:46'),
(230, 21, 'Chandpur Sadar', NULL, '2021-07-30 13:40:46', '2021-07-30 13:40:46'),
(231, 21, 'Faridganj', NULL, '2021-07-30 13:40:46', '2021-07-30 13:40:46'),
(232, 21, 'Haimchar', NULL, '2021-07-30 13:40:46', '2021-07-30 13:40:46'),
(233, 21, 'Haziganj', NULL, '2021-07-30 13:40:46', '2021-07-30 13:40:46'),
(234, 21, 'Kachua', NULL, '2021-07-30 13:40:46', '2021-07-30 13:40:46'),
(235, 21, 'Matlab Uttar', NULL, '2021-07-30 13:40:46', '2021-07-30 13:40:46'),
(236, 21, 'Matlab Dakkhin', NULL, '2021-07-30 13:40:46', '2021-07-30 13:40:46'),
(237, 21, 'Shahrasti', NULL, '2021-07-30 13:40:46', '2021-07-30 13:40:46'),
(238, 22, 'Chakaria', NULL, '2021-07-30 13:40:46', '2021-07-30 13:40:46'),
(239, 22, 'Chakaria', NULL, '2021-07-30 13:40:46', '2021-07-30 13:40:46'),
(240, 22, 'Cox\'s Bazar Sadar', NULL, '2021-07-30 13:40:46', '2021-07-30 13:40:46'),
(241, 22, 'Kutubdia', NULL, '2021-07-30 13:40:46', '2021-07-30 13:40:46'),
(242, 22, 'Maheshkhali', NULL, '2021-07-30 13:40:46', '2021-07-30 13:40:46'),
(243, 22, 'Ramu', NULL, '2021-07-30 13:40:46', '2021-07-30 13:40:46'),
(244, 22, 'Teknaf', NULL, '2021-07-30 13:40:46', '2021-07-30 13:40:46'),
(245, 22, 'Ukhia', NULL, '2021-07-30 13:40:46', '2021-07-30 13:40:46'),
(246, 22, 'Pekua', NULL, '2021-07-30 13:40:46', '2021-07-30 13:40:46'),
(247, 23, 'Feni Sadar', NULL, '2021-07-30 13:40:46', '2021-07-30 13:40:46'),
(248, 23, 'Chagalnaiya', NULL, '2021-07-30 13:40:46', '2021-07-30 13:40:46'),
(249, 23, 'Daganbhyan', NULL, '2021-07-30 13:40:46', '2021-07-30 13:40:46'),
(250, 23, 'Parshuram', NULL, '2021-07-30 13:40:46', '2021-07-30 13:40:46'),
(251, 23, 'Fhulgazi', NULL, '2021-07-30 13:40:46', '2021-07-30 13:40:46'),
(252, 23, 'Sonagazi', NULL, '2021-07-30 13:40:46', '2021-07-30 13:40:46'),
(253, 24, 'Lakshmipur Sadar', NULL, '2021-07-30 13:40:46', '2021-07-30 13:40:46'),
(254, 24, 'Raipur', NULL, '2021-07-30 13:40:46', '2021-07-30 13:40:46'),
(255, 24, 'Ramganj', NULL, '2021-07-30 13:40:46', '2021-07-30 13:40:46'),
(256, 24, 'Ramgati', NULL, '2021-07-30 13:40:46', '2021-07-30 13:40:46'),
(257, 24, 'Komol Nagar', NULL, '2021-07-30 13:40:46', '2021-07-30 13:40:46'),
(258, 25, 'Bagha', NULL, '2021-07-30 13:40:46', '2021-07-30 13:40:46'),
(259, 25, 'Bagmara', NULL, '2021-07-30 13:40:46', '2021-07-30 13:40:46'),
(260, 25, 'Charghat', NULL, '2021-07-30 13:40:46', '2021-07-30 13:40:46'),
(261, 25, 'Durgapur', NULL, '2021-07-30 13:40:46', '2021-07-30 13:40:46'),
(262, 25, 'Godagari', NULL, '2021-07-30 13:40:46', '2021-07-30 13:40:46'),
(263, 25, 'Mohanpur', NULL, '2021-07-30 13:40:46', '2021-07-30 13:40:46'),
(264, 25, 'Paba', NULL, '2021-07-30 13:40:46', '2021-07-30 13:40:46'),
(265, 25, 'Puthia', NULL, '2021-07-30 13:40:46', '2021-07-30 13:40:46'),
(266, 25, 'Tanore', NULL, '2021-07-30 13:40:46', '2021-07-30 13:40:46'),
(267, 25, 'Boalia', NULL, '2021-07-30 13:40:46', '2021-07-30 13:40:46'),
(268, 25, 'Motihar', NULL, '2021-07-30 13:40:46', '2021-07-30 13:40:46'),
(269, 25, 'Shahmokhdum', NULL, '2021-07-30 13:40:46', '2021-07-30 13:40:46'),
(270, 25, 'Rajpara', NULL, '2021-07-30 13:40:46', '2021-07-30 13:40:46'),
(271, 26, 'Adamdighi', NULL, '2021-07-30 13:40:46', '2021-07-30 13:40:46'),
(272, 26, 'Bogra Sadar', NULL, '2021-07-30 13:40:46', '2021-07-30 13:40:46'),
(273, 26, 'Sherpur', NULL, '2021-07-30 13:40:46', '2021-07-30 13:40:46'),
(274, 26, 'Dhunat', NULL, '2021-07-30 13:40:46', '2021-07-30 13:40:46'),
(275, 26, 'Dhupchanchia', NULL, '2021-07-30 13:40:46', '2021-07-30 13:40:46'),
(276, 26, 'Gabtali', NULL, '2021-07-30 13:40:46', '2021-07-30 13:40:46'),
(277, 26, 'Kahaloo', NULL, '2021-07-30 13:40:46', '2021-07-30 13:40:46'),
(278, 26, 'Nandigram', NULL, '2021-07-30 13:40:46', '2021-07-30 13:40:46'),
(279, 26, 'Sahajanpur', NULL, '2021-07-30 13:40:46', '2021-07-30 13:40:46'),
(280, 26, 'Sariakandi', NULL, '2021-07-30 13:40:46', '2021-07-30 13:40:46'),
(281, 26, 'Shibganj', NULL, '2021-07-30 13:40:46', '2021-07-30 13:40:46'),
(282, 26, 'Sonatala', NULL, '2021-07-30 13:40:46', '2021-07-30 13:40:46'),
(283, 27, 'Atgharia', NULL, '2021-07-30 13:40:46', '2021-07-30 13:40:46'),
(284, 27, 'Bera', NULL, '2021-07-30 13:40:46', '2021-07-30 13:40:46'),
(285, 27, 'Bhangura', NULL, '2021-07-30 13:40:46', '2021-07-30 13:40:46'),
(286, 27, 'Chatmohar', NULL, '2021-07-30 13:40:46', '2021-07-30 13:40:46'),
(287, 27, 'Faridpur', NULL, '2021-07-30 13:40:46', '2021-07-30 13:40:46'),
(288, 27, 'Ishwardi', NULL, '2021-07-30 13:40:46', '2021-07-30 13:40:46'),
(289, 27, 'Pabna Sadar', NULL, '2021-07-30 13:40:46', '2021-07-30 13:40:46'),
(290, 27, 'Santhia', NULL, '2021-07-30 13:40:46', '2021-07-30 13:40:46'),
(291, 27, 'Sujanagar', NULL, '2021-07-30 13:40:46', '2021-07-30 13:40:46'),
(292, 28, 'Joypurhat Sadar', NULL, '2021-07-30 13:40:46', '2021-07-30 13:40:46'),
(293, 28, 'Akkelpur', NULL, '2021-07-30 13:40:46', '2021-07-30 13:40:46'),
(294, 28, 'Kalai', NULL, '2021-07-30 13:40:46', '2021-07-30 13:40:46'),
(295, 28, 'Khetlal', NULL, '2021-07-30 13:40:46', '2021-07-30 13:40:46'),
(296, 28, 'Panchbibi', NULL, '2021-07-30 13:40:46', '2021-07-30 13:40:46'),
(297, 29, 'Naogaon Sadar', NULL, '2021-07-30 13:40:46', '2021-07-30 13:40:46'),
(298, 29, 'Mohadevpur', NULL, '2021-07-30 13:40:46', '2021-07-30 13:40:46'),
(299, 29, 'Manda', NULL, '2021-07-30 13:40:46', '2021-07-30 13:40:46'),
(300, 29, 'Niamatpur', NULL, '2021-07-30 13:40:46', '2021-07-30 13:40:46'),
(301, 29, 'Atrai', NULL, '2021-07-30 13:40:46', '2021-07-30 13:40:46'),
(302, 29, 'Raninagar', NULL, '2021-07-30 13:40:46', '2021-07-30 13:40:46'),
(303, 29, 'Patnitala', NULL, '2021-07-30 13:40:46', '2021-07-30 13:40:46'),
(304, 29, 'Dhamoirhat', NULL, '2021-07-30 13:40:46', '2021-07-30 13:40:46'),
(305, 29, 'Sapahar', NULL, '2021-07-30 13:40:46', '2021-07-30 13:40:46'),
(306, 29, 'Porsha', NULL, '2021-07-30 13:40:46', '2021-07-30 13:40:46'),
(307, 29, 'Badalgachhi', NULL, '2021-07-30 13:40:46', '2021-07-30 13:40:46'),
(308, 30, 'Natore Sadar', NULL, '2021-07-30 13:40:46', '2021-07-30 13:40:46'),
(309, 30, 'Baraigram', NULL, '2021-07-30 13:40:46', '2021-07-30 13:40:46'),
(310, 30, 'Bagatipara', NULL, '2021-07-30 13:40:46', '2021-07-30 13:40:46'),
(311, 30, 'Lalpur', NULL, '2021-07-30 13:40:46', '2021-07-30 13:40:46'),
(312, 30, 'Natore Sadar', NULL, '2021-07-30 13:40:46', '2021-07-30 13:40:46'),
(313, 30, 'Baraigram', NULL, '2021-07-30 13:40:46', '2021-07-30 13:40:46'),
(314, 31, 'Bholahat', NULL, '2021-07-30 13:40:46', '2021-07-30 13:40:46'),
(315, 31, 'Gomastapur', NULL, '2021-07-30 13:40:46', '2021-07-30 13:40:46'),
(316, 31, 'Nachole', NULL, '2021-07-30 13:40:46', '2021-07-30 13:40:46'),
(317, 31, 'Nawabganj Sadar', NULL, '2021-07-30 13:40:46', '2021-07-30 13:40:46'),
(318, 31, 'Shibganj', NULL, '2021-07-30 13:40:46', '2021-07-30 13:40:46'),
(319, 32, 'Sirajganj Sadar', NULL, '2021-07-30 13:40:46', '2021-07-30 13:40:46'),
(320, 32, 'Belkuchi', NULL, '2021-07-30 13:40:46', '2021-07-30 13:40:46'),
(321, 32, 'Chauhali', NULL, '2021-07-30 13:40:46', '2021-07-30 13:40:46'),
(322, 32, 'Kamarkhanda', NULL, '2021-07-30 13:40:46', '2021-07-30 13:40:46'),
(323, 32, 'Kazipur', NULL, '2021-07-30 13:40:46', '2021-07-30 13:40:46'),
(324, 32, 'Raiganj', NULL, '2021-07-30 13:40:46', '2021-07-30 13:40:46'),
(325, 32, 'Shahjadpur', NULL, '2021-07-30 13:40:46', '2021-07-30 13:40:46'),
(326, 32, 'Tarash', NULL, '2021-07-30 13:40:46', '2021-07-30 13:40:46'),
(327, 32, 'Ullahpara', NULL, '2021-07-30 13:40:46', '2021-07-30 13:40:46'),
(328, 33, 'Abhaynagar', NULL, '2021-07-30 13:40:46', '2021-07-30 13:40:46'),
(329, 33, 'Keshabpur', NULL, '2021-07-30 13:40:46', '2021-07-30 13:40:46'),
(330, 33, 'Bagherpara', NULL, '2021-07-30 13:40:46', '2021-07-30 13:40:46'),
(331, 33, 'Jessore Sadar', NULL, '2021-07-30 13:40:46', '2021-07-30 13:40:46'),
(332, 33, 'Chaugachha', NULL, '2021-07-30 13:40:46', '2021-07-30 13:40:46'),
(333, 33, 'Manirampur', NULL, '2021-07-30 13:40:46', '2021-07-30 13:40:46'),
(334, 33, 'Jhikargachha', NULL, '2021-07-30 13:40:46', '2021-07-30 13:40:46'),
(335, 33, 'Sharsha', NULL, '2021-07-30 13:40:46', '2021-07-30 13:40:46'),
(336, 34, 'Terokhada', NULL, '2021-07-30 13:40:46', '2021-07-30 13:40:46'),
(337, 34, 'Batiaghata', NULL, '2021-07-30 13:40:46', '2021-07-30 13:40:46'),
(338, 34, 'Dacope', NULL, '2021-07-30 13:40:46', '2021-07-30 13:40:46'),
(339, 34, 'Dumuria', NULL, '2021-07-30 13:40:46', '2021-07-30 13:40:46'),
(340, 34, 'Dighalia', NULL, '2021-07-30 13:40:46', '2021-07-30 13:40:46'),
(341, 34, 'Koyra', NULL, '2021-07-30 13:40:46', '2021-07-30 13:40:46'),
(342, 34, 'Paikgachha', NULL, '2021-07-30 13:40:46', '2021-07-30 13:40:46'),
(343, 34, 'Phultala', NULL, '2021-07-30 13:40:46', '2021-07-30 13:40:46'),
(344, 34, 'Rupsa', NULL, '2021-07-30 13:40:46', '2021-07-30 13:40:46'),
(345, 34, 'Aranghata', NULL, '2021-07-30 13:40:46', '2021-07-30 13:40:46'),
(346, 34, 'Daulatpur', NULL, '2021-07-30 13:40:46', '2021-07-30 13:40:46'),
(347, 34, 'Harintana', NULL, '2021-07-30 13:40:46', '2021-07-30 13:40:46'),
(348, 34, 'Horintana', NULL, '2021-07-30 13:40:46', '2021-07-30 13:40:46'),
(349, 34, 'Khalishpur', NULL, '2021-07-30 13:40:46', '2021-07-30 13:40:46'),
(350, 34, 'Khanjahan Ali', NULL, '2021-07-30 13:40:46', '2021-07-30 13:40:46'),
(351, 34, 'Khulna Sadar', NULL, '2021-07-30 13:40:46', '2021-07-30 13:40:46'),
(352, 34, 'Labanchora', NULL, '2021-07-30 13:40:46', '2021-07-30 13:40:46'),
(353, 34, 'Sonadanga', NULL, '2021-07-30 13:40:46', '2021-07-30 13:40:46'),
(354, 35, 'Kushtia Sadar', NULL, '2021-07-30 13:40:46', '2021-07-30 13:40:46'),
(355, 35, 'Kumarkhali', NULL, '2021-07-30 13:40:46', '2021-07-30 13:40:46'),
(356, 35, 'Daulatpur', NULL, '2021-07-30 13:40:46', '2021-07-30 13:40:46'),
(357, 35, 'Mirpur', NULL, '2021-07-30 13:40:46', '2021-07-30 13:40:46'),
(358, 35, 'Bheramara', NULL, '2021-07-30 13:40:46', '2021-07-30 13:40:46'),
(359, 35, 'Khoksa', NULL, '2021-07-30 13:40:46', '2021-07-30 13:40:46'),
(360, 36, 'Bagerhat Sadar', NULL, '2021-07-30 13:40:46', '2021-07-30 13:40:46'),
(361, 36, 'Chitalmari', NULL, '2021-07-30 13:40:46', '2021-07-30 13:40:46'),
(362, 36, 'Fakirhat', NULL, '2021-07-30 13:40:46', '2021-07-30 13:40:46'),
(363, 36, 'Kachua', NULL, '2021-07-30 13:40:46', '2021-07-30 13:40:46'),
(364, 36, 'Mollahat', NULL, '2021-07-30 13:40:46', '2021-07-30 13:40:46'),
(365, 36, 'Mongla', NULL, '2021-07-30 13:40:46', '2021-07-30 13:40:46'),
(366, 36, 'Morrelganj', NULL, '2021-07-30 13:40:46', '2021-07-30 13:40:46'),
(367, 36, 'Rampal', NULL, '2021-07-30 13:40:46', '2021-07-30 13:40:46'),
(368, 36, 'Sarankhola', NULL, '2021-07-30 13:40:46', '2021-07-30 13:40:46'),
(369, 37, 'Damurhuda', NULL, '2021-07-30 13:40:46', '2021-07-30 13:40:46'),
(370, 37, 'Chuadanga-S', NULL, '2021-07-30 13:40:46', '2021-07-30 13:40:46'),
(371, 37, 'Jibannagar', NULL, '2021-07-30 13:40:46', '2021-07-30 13:40:46'),
(372, 37, 'Alamdanga', NULL, '2021-07-30 13:40:46', '2021-07-30 13:40:46'),
(373, 38, 'Jhenaidah Sadar', NULL, '2021-07-30 13:40:46', '2021-07-30 13:40:46'),
(374, 38, 'Maheshpur', NULL, '2021-07-30 13:40:46', '2021-07-30 13:40:46'),
(375, 38, 'Kaliganj', NULL, '2021-07-30 13:40:46', '2021-07-30 13:40:46'),
(376, 38, 'Kotchandpur', NULL, '2021-07-30 13:40:46', '2021-07-30 13:40:46'),
(377, 38, 'Shailkupa', NULL, '2021-07-30 13:40:46', '2021-07-30 13:40:46'),
(378, 38, 'Harinakunda', NULL, '2021-07-30 13:40:46', '2021-07-30 13:40:46'),
(379, 39, 'Magura Sadar', NULL, '2021-07-30 13:40:46', '2021-07-30 13:40:46'),
(380, 39, 'Mohammadpur', NULL, '2021-07-30 13:40:46', '2021-07-30 13:40:46'),
(381, 39, 'Shalikha', NULL, '2021-07-30 13:40:46', '2021-07-30 13:40:46'),
(382, 39, 'Sreepur', NULL, '2021-07-30 13:40:46', '2021-07-30 13:40:46'),
(383, 40, 'angni', NULL, '2021-07-30 13:40:46', '2021-07-30 13:40:46'),
(384, 40, 'Mujib Nagar', NULL, '2021-07-30 13:40:46', '2021-07-30 13:40:46'),
(385, 40, 'Meherpur-S', NULL, '2021-07-30 13:40:46', '2021-07-30 13:40:46'),
(386, 41, 'Narail-S Upazilla', NULL, '2021-07-30 13:40:46', '2021-07-30 13:40:46'),
(387, 41, 'Lohagara Upazilla', NULL, '2021-07-30 13:40:46', '2021-07-30 13:40:46'),
(388, 41, 'Kalia Upazilla', NULL, '2021-07-30 13:40:46', '2021-07-30 13:40:46'),
(389, 42, 'Satkhira Sadar', NULL, '2021-07-30 13:40:46', '2021-07-30 13:40:46'),
(390, 42, 'Assasuni', NULL, '2021-07-30 13:40:46', '2021-07-30 13:40:46'),
(391, 42, 'Debhata', NULL, '2021-07-30 13:40:46', '2021-07-30 13:40:46'),
(392, 42, 'Tala', NULL, '2021-07-30 13:40:46', '2021-07-30 13:40:46'),
(393, 42, 'Kalaroa', NULL, '2021-07-30 13:40:46', '2021-07-30 13:40:46'),
(394, 42, 'Kaliganj', NULL, '2021-07-30 13:40:46', '2021-07-30 13:40:46'),
(395, 42, 'Shyamnagar', NULL, '2021-07-30 13:40:46', '2021-07-30 13:40:46'),
(396, 43, 'Muladi', NULL, '2021-07-30 13:40:46', '2021-07-30 13:40:46'),
(397, 43, 'Babuganj', NULL, '2021-07-30 13:40:46', '2021-07-30 13:40:46'),
(398, 43, 'Agailjhara', NULL, '2021-07-30 13:40:46', '2021-07-30 13:40:46'),
(399, 43, 'Barisal Sadar', NULL, '2021-07-30 13:40:46', '2021-07-30 13:40:46'),
(400, 43, 'Bakerganj', NULL, '2021-07-30 13:40:46', '2021-07-30 13:40:46'),
(401, 43, 'Banaripara', NULL, '2021-07-30 13:40:46', '2021-07-30 13:40:46'),
(402, 43, 'Gaurnadi', NULL, '2021-07-30 13:40:46', '2021-07-30 13:40:46'),
(403, 43, 'Hizla', NULL, '2021-07-30 13:40:46', '2021-07-30 13:40:46'),
(404, 43, 'Mehendiganj', NULL, '2021-07-30 13:40:46', '2021-07-30 13:40:46'),
(405, 43, 'Wazirpur', NULL, '2021-07-30 13:40:46', '2021-07-30 13:40:46'),
(406, 43, 'Airport', NULL, '2021-07-30 13:40:46', '2021-07-30 13:40:46'),
(407, 43, 'Kawnia', NULL, '2021-07-30 13:40:46', '2021-07-30 13:40:46'),
(408, 43, 'Bondor', NULL, '2021-07-30 13:40:46', '2021-07-30 13:40:46'),
(409, 44, 'Bauphal', NULL, '2021-07-30 13:40:46', '2021-07-30 13:40:46'),
(410, 44, 'Dashmina', NULL, '2021-07-30 13:40:46', '2021-07-30 13:40:46'),
(411, 44, 'Galachipa', NULL, '2021-07-30 13:40:46', '2021-07-30 13:40:46'),
(412, 44, 'Kalapara', NULL, '2021-07-30 13:40:46', '2021-07-30 13:40:46'),
(413, 44, 'Mirzaganj', NULL, '2021-07-30 13:40:46', '2021-07-30 13:40:46'),
(414, 44, 'Patuakhali Sadar', NULL, '2021-07-30 13:40:46', '2021-07-30 13:40:46'),
(415, 44, 'Dumki', NULL, '2021-07-30 13:40:46', '2021-07-30 13:40:46'),
(416, 44, 'Rangabali', NULL, '2021-07-30 13:40:46', '2021-07-30 13:40:46'),
(417, 45, 'Amtali', NULL, '2021-07-30 13:40:46', '2021-07-30 13:40:46'),
(418, 45, 'Bamna', NULL, '2021-07-30 13:40:46', '2021-07-30 13:40:46'),
(419, 45, 'Barguna Sadar', NULL, '2021-07-30 13:40:46', '2021-07-30 13:40:46'),
(420, 45, 'Betagi', NULL, '2021-07-30 13:40:46', '2021-07-30 13:40:46'),
(421, 45, 'Patharghata', NULL, '2021-07-30 13:40:46', '2021-07-30 13:40:46'),
(422, 45, 'Taltali', NULL, '2021-07-30 13:40:46', '2021-07-30 13:40:46'),
(423, 46, 'Bhola Sadar', NULL, '2021-07-30 13:40:46', '2021-07-30 13:40:46'),
(424, 46, 'Burhanuddin', NULL, '2021-07-30 13:40:46', '2021-07-30 13:40:46'),
(425, 46, 'Char Fasson', NULL, '2021-07-30 13:40:46', '2021-07-30 13:40:46'),
(426, 46, 'Daulatkhan', NULL, '2021-07-30 13:40:46', '2021-07-30 13:40:46'),
(427, 46, 'Lalmohan', NULL, '2021-07-30 13:40:46', '2021-07-30 13:40:46'),
(428, 46, 'Manpura', NULL, '2021-07-30 13:40:46', '2021-07-30 13:40:46'),
(429, 46, 'Tazumuddin', NULL, '2021-07-30 13:40:46', '2021-07-30 13:40:46'),
(430, 47, 'Jhalokati Sadar', NULL, '2021-07-30 13:40:46', '2021-07-30 13:40:46'),
(431, 47, 'Kathalia', NULL, '2021-07-30 13:40:46', '2021-07-30 13:40:46'),
(432, 47, 'Nalchity', NULL, '2021-07-30 13:40:46', '2021-07-30 13:40:46'),
(433, 47, 'Rajapur', NULL, '2021-07-30 13:40:46', '2021-07-30 13:40:46'),
(434, 48, 'Bhandaria', NULL, '2021-07-30 13:40:46', '2021-07-30 13:40:46'),
(435, 48, 'Kaukhali', NULL, '2021-07-30 13:40:46', '2021-07-30 13:40:46'),
(436, 48, 'Mathbaria', NULL, '2021-07-30 13:40:46', '2021-07-30 13:40:46'),
(437, 48, 'Nazirpur', NULL, '2021-07-30 13:40:46', '2021-07-30 13:40:46'),
(438, 48, 'Nesarabad', NULL, '2021-07-30 13:40:46', '2021-07-30 13:40:46'),
(439, 48, 'Pirojpur Sadar', NULL, '2021-07-30 13:40:46', '2021-07-30 13:40:46'),
(440, 48, 'Zianagar', NULL, '2021-07-30 13:40:46', '2021-07-30 13:40:46'),
(441, 49, 'Sylhet Sadar', NULL, '2021-07-30 13:40:46', '2021-07-30 13:40:46'),
(442, 49, 'Beanibazar', NULL, '2021-07-30 13:40:46', '2021-07-30 13:40:46'),
(443, 49, 'Bishwanath', NULL, '2021-07-30 13:40:46', '2021-07-30 13:40:46'),
(444, 49, 'Dakshin Surma', NULL, '2021-07-30 13:40:46', '2021-07-30 13:40:46'),
(445, 49, 'Balaganj', NULL, '2021-07-30 13:40:46', '2021-07-30 13:40:46'),
(446, 49, 'Companiganj', NULL, '2021-07-30 13:40:46', '2021-07-30 13:40:46'),
(447, 49, 'Fenchuganj', NULL, '2021-07-30 13:40:46', '2021-07-30 13:40:46'),
(448, 49, 'Golapganj', NULL, '2021-07-30 13:40:46', '2021-07-30 13:40:46'),
(449, 49, 'Gowainghat', NULL, '2021-07-30 13:40:46', '2021-07-30 13:40:46'),
(450, 49, 'Jaintiapur', NULL, '2021-07-30 13:40:46', '2021-07-30 13:40:46'),
(451, 49, 'Kanaighat', NULL, '2021-07-30 13:40:46', '2021-07-30 13:40:46'),
(452, 49, 'Zakiganj', NULL, '2021-07-30 13:40:46', '2021-07-30 13:40:46'),
(453, 49, 'Nobigonj', NULL, '2021-07-30 13:40:46', '2021-07-30 13:40:46'),
(454, 49, 'Airport', NULL, '2021-07-30 13:40:46', '2021-07-30 13:40:46'),
(455, 49, 'Hazrat Shah Paran', NULL, '2021-07-30 13:40:46', '2021-07-30 13:40:46'),
(456, 49, 'Jalalabad', NULL, '2021-07-30 13:40:46', '2021-07-30 13:40:46'),
(457, 49, 'Kowtali', NULL, '2021-07-30 13:40:46', '2021-07-30 13:40:46'),
(458, 49, 'Moglabazar', NULL, '2021-07-30 13:40:46', '2021-07-30 13:40:46'),
(459, 49, 'Osmani Nagar', NULL, '2021-07-30 13:40:46', '2021-07-30 13:40:46'),
(460, 49, 'South Surma', NULL, '2021-07-30 13:40:46', '2021-07-30 13:40:46'),
(461, 50, 'Ajmiriganj', NULL, '2021-07-30 13:40:46', '2021-07-30 13:40:46'),
(462, 50, 'Baniachang', NULL, '2021-07-30 13:40:46', '2021-07-30 13:40:46'),
(463, 50, 'Bahubal', NULL, '2021-07-30 13:40:46', '2021-07-30 13:40:46'),
(464, 50, 'Chunarughat', NULL, '2021-07-30 13:40:46', '2021-07-30 13:40:46'),
(465, 50, 'Habiganj Sadar', NULL, '2021-07-30 13:40:46', '2021-07-30 13:40:46'),
(466, 50, 'Lakhai', NULL, '2021-07-30 13:40:46', '2021-07-30 13:40:46'),
(467, 50, 'Madhabpur', NULL, '2021-07-30 13:40:46', '2021-07-30 13:40:46'),
(468, 50, 'Nabiganj', NULL, '2021-07-30 13:40:46', '2021-07-30 13:40:46'),
(469, 50, 'Shaistagonj', NULL, '2021-07-30 13:40:46', '2021-07-30 13:40:46'),
(470, 51, 'Bishwamvarpur', NULL, '2021-07-30 13:40:46', '2021-07-30 13:40:46'),
(471, 51, 'Chhatak', NULL, '2021-07-30 13:40:46', '2021-07-30 13:40:46'),
(472, 51, 'Derai', NULL, '2021-07-30 13:40:46', '2021-07-30 13:40:46'),
(473, 51, 'Dharampasha', NULL, '2021-07-30 13:40:46', '2021-07-30 13:40:46'),
(474, 51, 'Dowarabazar', NULL, '2021-07-30 13:40:46', '2021-07-30 13:40:46'),
(475, 51, 'Jagannathpur', NULL, '2021-07-30 13:40:46', '2021-07-30 13:40:46'),
(476, 51, 'Jamalganj', NULL, '2021-07-30 13:40:46', '2021-07-30 13:40:46'),
(477, 51, 'Sulla', NULL, '2021-07-30 13:40:46', '2021-07-30 13:40:46'),
(478, 51, 'Sunamganj Sadar', NULL, '2021-07-30 13:40:46', '2021-07-30 13:40:46'),
(479, 51, 'Shanthiganj', NULL, '2021-07-30 13:40:46', '2021-07-30 13:40:46'),
(480, 51, 'Tahirpur', NULL, '2021-07-30 13:40:46', '2021-07-30 13:40:46'),
(481, 52, 'Moulvibazar Sadar', NULL, '2021-07-30 13:40:46', '2021-07-30 13:40:46'),
(482, 52, 'Barlekha', NULL, '2021-07-30 13:40:46', '2021-07-30 13:40:46'),
(483, 52, 'Juri', NULL, '2021-07-30 13:40:46', '2021-07-30 13:40:46'),
(484, 52, 'Kamalganj', NULL, '2021-07-30 13:40:46', '2021-07-30 13:40:46'),
(485, 52, 'Kulaura', NULL, '2021-07-30 13:40:46', '2021-07-30 13:40:46'),
(486, 52, 'Rajnagar', NULL, '2021-07-30 13:40:46', '2021-07-30 13:40:46'),
(487, 52, 'Sreemangal', NULL, '2021-07-30 13:40:46', '2021-07-30 13:40:46'),
(488, 53, 'Birampur', NULL, '2021-07-30 13:40:46', '2021-07-30 13:40:46'),
(489, 53, 'Birganj', NULL, '2021-07-30 13:40:46', '2021-07-30 13:40:46'),
(490, 53, 'Biral', NULL, '2021-07-30 13:40:46', '2021-07-30 13:40:46'),
(491, 53, 'Bochaganj', NULL, '2021-07-30 13:40:46', '2021-07-30 13:40:46'),
(492, 53, 'Chirirbandar', NULL, '2021-07-30 13:40:46', '2021-07-30 13:40:46'),
(493, 53, 'Phulbari', NULL, '2021-07-30 13:40:46', '2021-07-30 13:40:46'),
(494, 53, 'Ghoraghat', NULL, '2021-07-30 13:40:46', '2021-07-30 13:40:46'),
(495, 53, 'Hakimpur', NULL, '2021-07-30 13:40:46', '2021-07-30 13:40:46'),
(496, 53, 'Kaharole', NULL, '2021-07-30 13:40:46', '2021-07-30 13:40:46'),
(497, 53, 'Khansama', NULL, '2021-07-30 13:40:46', '2021-07-30 13:40:46'),
(498, 53, 'Dinajpur Sadar', NULL, '2021-07-30 13:40:46', '2021-07-30 13:40:46'),
(499, 53, 'Nawabganj', NULL, '2021-07-30 13:40:46', '2021-07-30 13:40:46'),
(500, 53, 'Parbatipur', NULL, '2021-07-30 13:40:46', '2021-07-30 13:40:46'),
(501, 54, 'Fulchhari', NULL, '2021-07-30 13:40:46', '2021-07-30 13:40:46'),
(502, 54, 'Gaibandha sadar', NULL, '2021-07-30 13:40:46', '2021-07-30 13:40:46'),
(503, 54, 'Gobindaganj', NULL, '2021-07-30 13:40:46', '2021-07-30 13:40:46'),
(504, 54, 'Palashbari', NULL, '2021-07-30 13:40:46', '2021-07-30 13:40:46'),
(505, 54, 'Sadullapur', NULL, '2021-07-30 13:40:46', '2021-07-30 13:40:46'),
(506, 54, 'Saghata', NULL, '2021-07-30 13:40:46', '2021-07-30 13:40:46'),
(507, 54, 'Sundarganj', NULL, '2021-07-30 13:40:46', '2021-07-30 13:40:46'),
(508, 55, 'Kurigram Sadar', NULL, '2021-07-30 13:40:46', '2021-07-30 13:40:46'),
(509, 55, 'Nageshwari', NULL, '2021-07-30 13:40:46', '2021-07-30 13:40:46'),
(510, 55, 'Bhurungamari', NULL, '2021-07-30 13:40:46', '2021-07-30 13:40:46'),
(511, 55, 'Phulbari', NULL, '2021-07-30 13:40:46', '2021-07-30 13:40:46'),
(512, 55, 'Rajarhat', NULL, '2021-07-30 13:40:46', '2021-07-30 13:40:46'),
(513, 55, 'Ulipur', NULL, '2021-07-30 13:40:46', '2021-07-30 13:40:46'),
(514, 55, 'Chilmari', NULL, '2021-07-30 13:40:46', '2021-07-30 13:40:46'),
(515, 55, 'Rowmari', NULL, '2021-07-30 13:40:46', '2021-07-30 13:40:46'),
(516, 55, 'Char Rajibpur', NULL, '2021-07-30 13:40:46', '2021-07-30 13:40:46'),
(517, 56, 'Lalmanirhat Sadar', NULL, '2021-07-30 13:40:46', '2021-07-30 13:40:46'),
(518, 56, 'Aditmari', NULL, '2021-07-30 13:40:46', '2021-07-30 13:40:46'),
(519, 56, 'Kaliganj', NULL, '2021-07-30 13:40:46', '2021-07-30 13:40:46'),
(520, 56, 'Hatibandha', NULL, '2021-07-30 13:40:46', '2021-07-30 13:40:46'),
(521, 56, 'Patgram', NULL, '2021-07-30 13:40:46', '2021-07-30 13:40:46'),
(522, 57, 'Nilphamari Sadar', NULL, '2021-07-30 13:40:46', '2021-07-30 13:40:46'),
(523, 57, 'Saidpur', NULL, '2021-07-30 13:40:46', '2021-07-30 13:40:46'),
(524, 57, 'Jaldhaka', NULL, '2021-07-30 13:40:46', '2021-07-30 13:40:46'),
(525, 57, 'Kishoreganj', NULL, '2021-07-30 13:40:46', '2021-07-30 13:40:46'),
(526, 57, 'Domar', NULL, '2021-07-30 13:40:46', '2021-07-30 13:40:46'),
(527, 57, 'Dimla', NULL, '2021-07-30 13:40:46', '2021-07-30 13:40:46'),
(528, 58, 'Panchagarh Sadar', NULL, '2021-07-30 13:40:46', '2021-07-30 13:40:46'),
(529, 58, 'Debiganj', NULL, '2021-07-30 13:40:46', '2021-07-30 13:40:46'),
(530, 58, 'Boda', NULL, '2021-07-30 13:40:46', '2021-07-30 13:40:46'),
(531, 58, 'Atwari', NULL, '2021-07-30 13:40:46', '2021-07-30 13:40:46'),
(532, 58, 'Tetulia', NULL, '2021-07-30 13:40:46', '2021-07-30 13:40:46'),
(533, 59, 'Badarganj', NULL, '2021-07-30 13:40:46', '2021-07-30 13:40:46'),
(534, 59, 'Mithapukur', NULL, '2021-07-30 13:40:46', '2021-07-30 13:40:46'),
(535, 59, 'Gangachara', NULL, '2021-07-30 13:40:46', '2021-07-30 13:40:46'),
(536, 59, 'Kaunia', NULL, '2021-07-30 13:40:46', '2021-07-30 13:40:46'),
(537, 59, 'Rangpur Sadar', NULL, '2021-07-30 13:40:46', '2021-07-30 13:40:46'),
(538, 59, 'Pirgachha', NULL, '2021-07-30 13:40:46', '2021-07-30 13:40:46'),
(539, 59, 'Pirganj', NULL, '2021-07-30 13:40:46', '2021-07-30 13:40:46'),
(540, 59, 'Taraganj', NULL, '2021-07-30 13:40:46', '2021-07-30 13:40:46'),
(541, 60, 'Thakurgaon Sadar', NULL, '2021-07-30 13:40:46', '2021-07-30 13:40:46'),
(542, 60, 'Pirganj', NULL, '2021-07-30 13:40:46', '2021-07-30 13:40:46'),
(543, 60, 'Baliadangi', NULL, '2021-07-30 13:40:46', '2021-07-30 13:40:46'),
(544, 60, 'Haripur', NULL, '2021-07-30 13:40:46', '2021-07-30 13:40:46'),
(545, 60, 'Ranisankail', NULL, '2021-07-30 13:40:46', '2021-07-30 13:40:46'),
(546, 61, 'Bhaluka', NULL, '2021-07-30 13:40:46', '2021-07-30 13:40:46'),
(547, 61, 'Trishal', NULL, '2021-07-30 13:40:46', '2021-07-30 13:40:46'),
(548, 61, 'Haluaghat', NULL, '2021-07-30 13:40:46', '2021-07-30 13:40:46'),
(549, 61, 'Muktagachha', NULL, '2021-07-30 13:40:46', '2021-07-30 13:40:46'),
(550, 61, 'Dhobaura', NULL, '2021-07-30 13:40:46', '2021-07-30 13:40:46'),
(551, 61, 'Fulbaria', NULL, '2021-07-30 13:40:46', '2021-07-30 13:40:46'),
(552, 61, 'Gaffargaon', NULL, '2021-07-30 13:40:46', '2021-07-30 13:40:46'),
(553, 61, 'Gauripur', NULL, '2021-07-30 13:40:46', '2021-07-30 13:40:46'),
(554, 61, 'Ishwarganj', NULL, '2021-07-30 13:40:46', '2021-07-30 13:40:46'),
(555, 61, 'Mymensingh Sadar', NULL, '2021-07-30 13:40:46', '2021-07-30 13:40:46'),
(556, 61, 'Nandail', NULL, '2021-07-30 13:40:46', '2021-07-30 13:40:46'),
(557, 61, 'Phulpur', NULL, '2021-07-30 13:40:46', '2021-07-30 13:40:46'),
(558, 62, 'Dewanganj', NULL, '2021-07-30 13:40:46', '2021-07-30 13:40:46'),
(559, 62, 'Baksiganj', NULL, '2021-07-30 13:40:46', '2021-07-30 13:40:46'),
(560, 62, 'Islampur', NULL, '2021-07-30 13:40:46', '2021-07-30 13:40:46'),
(561, 62, 'Jamalpur Sadar', NULL, '2021-07-30 13:40:46', '2021-07-30 13:40:46'),
(562, 62, 'Madarganj', NULL, '2021-07-30 13:40:46', '2021-07-30 13:40:46'),
(563, 62, 'Melandaha', NULL, '2021-07-30 13:40:46', '2021-07-30 13:40:46'),
(564, 62, 'Sarishabari', NULL, '2021-07-30 13:40:46', '2021-07-30 13:40:46'),
(565, 62, 'Narundi Police I.C', NULL, '2021-07-30 13:40:46', '2021-07-30 13:40:46'),
(566, 63, 'Kendua', NULL, '2021-07-30 13:40:46', '2021-07-30 13:40:46'),
(567, 63, 'Atpara', NULL, '2021-07-30 13:40:46', '2021-07-30 13:40:46'),
(568, 63, 'Barhatta', NULL, '2021-07-30 13:40:46', '2021-07-30 13:40:46'),
(569, 63, 'Durgapur', NULL, '2021-07-30 13:40:46', '2021-07-30 13:40:46'),
(570, 63, 'Kalmakanda', NULL, '2021-07-30 13:40:46', '2021-07-30 13:40:46'),
(571, 63, 'Madan', NULL, '2021-07-30 13:40:46', '2021-07-30 13:40:46'),
(572, 63, 'Mohanganj', NULL, '2021-07-30 13:40:46', '2021-07-30 13:40:46'),
(573, 63, 'Netrakona-S', NULL, '2021-07-30 13:40:46', '2021-07-30 13:40:46'),
(574, 63, 'Purbadhala', NULL, '2021-07-30 13:40:46', '2021-07-30 13:40:46'),
(575, 63, 'Khaliajuri', NULL, '2021-07-30 13:40:46', '2021-07-30 13:40:46'),
(576, 64, 'Jhenaigati', NULL, '2021-07-30 13:40:46', '2021-07-30 13:40:46'),
(577, 64, 'Nakla', NULL, '2021-07-30 13:40:46', '2021-07-30 13:40:46'),
(578, 64, 'Nalitabari', NULL, '2021-07-30 13:40:46', '2021-07-30 13:40:46'),
(579, 64, 'Sherpur Sadar', NULL, '2021-07-30 13:40:46', '2021-07-30 13:40:46'),
(580, 64, 'Sreebardi', NULL, '2021-07-30 13:40:46', '2021-07-30 13:40:46');

--
-- Indexes for dumped tables
--

--
-- Indexes for table `districts`
--
ALTER TABLE `districts`
  ADD PRIMARY KEY (`id`);

--
-- Indexes for table `divisions`
--
ALTER TABLE `divisions`
  ADD PRIMARY KEY (`id`);

--
-- Indexes for table `thanas`
--
ALTER TABLE `thanas`
  ADD PRIMARY KEY (`id`);

--
-- AUTO_INCREMENT for dumped tables
--

--
-- AUTO_INCREMENT for table `districts`
--
ALTER TABLE `districts`
  MODIFY `id` bigint(20) UNSIGNED NOT NULL AUTO_INCREMENT, AUTO_INCREMENT=65;

--
-- AUTO_INCREMENT for table `divisions`
--
ALTER TABLE `divisions`
  MODIFY `id` bigint(20) UNSIGNED NOT NULL AUTO_INCREMENT, AUTO_INCREMENT=9;

--
-- AUTO_INCREMENT for table `thanas`
--
ALTER TABLE `thanas`
  MODIFY `id` bigint(20) UNSIGNED NOT NULL AUTO_INCREMENT, AUTO_INCREMENT=581;
COMMIT;

/*!40101 SET CHARACTER_SET_CLIENT=@OLD_CHARACTER_SET_CLIENT */;
/*!40101 SET CHARACTER_SET_RESULTS=@OLD_CHARACTER_SET_RESULTS */;
/*!40101 SET COLLATION_CONNECTION=@OLD_COLLATION_CONNECTION */;
